01,https://www.frontiersin.org/journals/psychology/articles/10.3389/fpsyg.2020.570839/full
02,https://www.ncbi.nlm.nih.gov/pmc/articles/PMC9902704/
03,https://journals.sagepub.com/doi/epub/10.1177/0265407519861152
04,https://genus.springeropen.com/articles/10.1186/s41118-018-0032-z
05,https://www.ncbi.nlm.nih.gov/pmc/articles/PMC10406331/
06,https://www.ncbi.nlm.nih.gov/pmc/articles/PMC9915149/
07,https://academic.oup.com/innovateage/article/3/1/igz005/5423647
08,https://www.ncbi.nlm.nih.gov/pmc/articles/PMC6299840/
09,https://www.ncbi.nlm.nih.gov/pmc/articles/PMC7804936/
10,https://www.ncbi.nlm.nih.gov/pmc/articles/PMC7079708/
