1,https://pure.mpg.de/rest/items/item_3507943/component/file_3507944/content,,,,,
2,https://www.ncbi.nlm.nih.gov/pmc/articles/PMC10492719/,,,,,
3,https://ivypanda.com/essays/sleep-and-meditation-can-predict-an-individuals-satisfaction-with-life/,,,,,
4,https://www.researchgate.net/publication/374901398_Soli-enabled_noncontact_heart_rate_detection_for_sleep_and_meditation_tracking,,,,,
5,https://systematicreviewsjournal.biomedcentral.com/articles/10.1186/s13643-021-01699-1,,,,,
6,https://dmlevy.ischool.uw.edu/wp/wp-content/uploads/2013/03/Levy-Meditation-Multitasking.pdf,,,,,
7,https://www.sciencedirect.com/science/article/pii/S1071581923001167?ssrnid=4247445&dgcid=SSRN_redirect_SD,,,,,
8,https://www.nccih.nih.gov/health/meditation-and-mindfulness-what-you-need-to-know,,,,,
9,https://www.databridgemarketresearch.com/reports/global-meditation-market,,,,,
10,https://academic.oup.com/scan/article/15/2/215/5733877,,,,,
